game_no,date,orig_date,orig_kind,month,away_team,home_team,away_score,home_score,venue,duration,status,winner,win_pitcher,lose_pitcher,save_pitcher,mvp
1,2026-03-28,,,3,中信兄弟,樂天桃猿,2,3,大巨蛋,2H56M,已結束,樂天桃猿,陳冠宇,江忠城,,陳晨威
2,2026-03-29,,,3,台鋼雄鷹,統一7-ELEVEn獅,1,3,亞太主,2H32M,已結束,統一7-ELEVEn獅,獅帝芬,黃子鵬,鍾允華,蘇智傑
3,2026-03-29,,,3,味全龍,樂天桃猿,3,2,大巨蛋,2H49M,已結束,味全龍,梅賽鍶,艾菩樂,林凱威,曾聖安
4,2026-03-29,,,3,富邦悍將,中信兄弟,8,2,洲際,3H18M,已結束,富邦悍將,威戈神,黎克,,范國宸
5,2026-03-31,,,3,味全龍,中信兄弟,1,4,洲際,2H32M,已結束,中信兄弟,鄭浩均,鋼龍,,鄭浩均
6,2026-03-31,,,3,台鋼雄鷹,樂天桃猿,3,1,樂天桃園,2H57M,已結束,台鋼雄鷹,後勁,魔爾曼,林詩翔,王柏融
7,2026-03-31,,,3,富邦悍將,統一7-ELEVEn獅,5,3,亞太主,2H56M,已結束,富邦悍將,張奕,髙塩將樹,曾峻岳,葉子霆
8,2026-04-01,,,4,味全龍,中信兄弟,8,2,洲際,3H13M,已結束,味全龍,李超,伍立辰,,李超
9,2026-04-01,,,4,台鋼雄鷹,樂天桃猿,6,1,樂天桃園,3H13M,已結束,台鋼雄鷹,艾速特,麥斯威尼,,陳文杰
10,2026-04-01,,,4,富邦悍將,統一7-ELEVEn獅,2,4,亞太主,2H52M,已結束,統一7-ELEVEn獅,郭俊麟,游霆崴,鍾允華,郭俊麟
11,2026-04-03,,,4,統一7-ELEVEn獅,中信兄弟,6,2,洲際,2H57M,已結束,統一7-ELEVEn獅,喬登,羅戈,,潘傑楷
12,2026-04-03,,,4,樂天桃猿,富邦悍將,2,3,新莊,2H46M,已結束,富邦悍將,張奕,莊昕諺,曾峻岳,張育成
13,2026-04-03,,,4,台鋼雄鷹,味全龍,4,5,天母,3H20M,已結束,味全龍,陳冠偉,韋宏亮,,朱育賢
14,2026-10-05,2026-04-04,延賽,10,統一7-ELEVEn獅,中信兄弟,7,4,洲際,3H23M,已結束,統一7-ELEVEn獅,周彥農,張祖恩,,陳重廷
15,2026-06-27,2026-04-04,延賽,6,樂天桃猿,富邦悍將,2,9,新莊,2H56M,已結束,富邦悍將,李東洺,陳克羿,,李東洺
16,2026-04-04,,,4,台鋼雄鷹,味全龍,7,6,天母,3H10M,已結束,台鋼雄鷹,許育銘,李超,林詩翔,紀慶然
17,2026-04-05,,,4,台鋼雄鷹,味全龍,1,2,天母,2H24M,已結束,味全龍,林凱威,許育銘,,郭郁政
18,2026-04-05,,,4,統一7-ELEVEn獅,中信兄弟,9,4,洲際,3H11M,已結束,統一7-ELEVEn獅,獅帝芬,黎克,,朱迦恩
19,2026-04-05,,,4,樂天桃猿,富邦悍將,5,1,新莊,2H54M,已結束,樂天桃猿,艾菩樂,威戈神,,陳晨威
20,2026-04-06,,,4,統一7-ELEVEn獅,台鋼雄鷹,4,7,澄清湖,2H37M,已結束,台鋼雄鷹,後勁,胡智爲,,王柏融
21,2026-04-06,,,4,樂天桃猿,味全龍,1,0,天母,2H33M,已結束,樂天桃猿,魔爾曼,鋼龍,朱承洋,#魔爾曼
22,2026-04-06,,,4,中信兄弟,富邦悍將,4,5,新莊,3H28M,已結束,富邦悍將,廖任磊,李振昌,,范國宸
23,2026-04-07,,,4,統一7-ELEVEn獅,台鋼雄鷹,1,1,澄清湖,2H4M,已結束,和局,,,,布雷克
24,2026-06-02,2026-04-07,延賽,6,樂天桃猿,味全龍,0,3,天母,2H59M,已結束,味全龍,蔣銲,魔爾曼,林凱威,蔣銲
25,2026-05-12,2026-04-07,延賽,5,中信兄弟,富邦悍將,1,2,新莊,2H35M,已結束,富邦悍將,阿部雄大,羅戈,曾峻岳,阿部雄大
26,2026-04-10,,,4,富邦悍將,台鋼雄鷹,6,2,澄清湖,3H11M,已結束,富邦悍將,魔力藍,坎南,曾峻岳,孔念恩
27,2026-04-10,,,4,味全龍,統一7-ELEVEn獅,4,2,亞太主,2H41M,已結束,味全龍,蔣銲,辛俊昇,林凱威,蔣銲
28,2026-04-10,,,4,中信兄弟,樂天桃猿,2,4,樂天桃園,2H36M,已結束,樂天桃猿,麥斯威尼,羅戈,朱承洋,馬傑森
29,2026-04-11,,,4,富邦悍將,台鋼雄鷹,0,12,澄清湖,2H50M,已結束,台鋼雄鷹,江承諺,李東洺,,江承諺
30,2026-04-11,,,4,味全龍,統一7-ELEVEn獅,8,0,亞太主,3H24M,已結束,味全龍,梅賽鍶,獅帝芬,,梅賽鍶
31,2026-04-11,,,4,中信兄弟,樂天桃猿,1,2,樂天桃園,2H28M,已結束,樂天桃猿,朱承洋,李振昌,,陳晨威
32,2026-04-12,,,4,富邦悍將,台鋼雄鷹,5,12,澄清湖,3H24M,已結束,台鋼雄鷹,黃子鵬,威戈神,,陳文杰
33,2026-04-12,,,4,味全龍,統一7-ELEVEn獅,4,2,亞太主,2H27M,已結束,味全龍,鋼龍,郭俊麟,林凱威,鋼龍
34,2026-04-12,,,4,中信兄弟,樂天桃猿,14,4,樂天桃園,3H20M,已結束,中信兄弟,伍立辰,艾菩樂,,陳俊秀
35,2026-04-14,,,4,味全龍,富邦悍將,3,4,新莊,2H55M,已結束,富邦悍將,曾峻岳,林凱威,,孔念恩
36,2026-04-14,,,4,台鋼雄鷹,中信兄弟,8,4,洲際,3H3M,已結束,台鋼雄鷹,後勁,鄭浩均,,#後勁
37,2026-04-15,,,4,味全龍,富邦悍將,1,0,新莊,3H23M,已結束,味全龍,林鋅杰,廖任磊,陳冠偉,張政禹
38,2026-04-15,,,4,台鋼雄鷹,中信兄弟,4,0,洲際,2H43M,已結束,台鋼雄鷹,王維中,羅戈,,#王維中
39,2026-04-15,,,4,統一7-ELEVEn獅,樂天桃猿,5,1,樂天桃園,2H38M,已結束,統一7-ELEVEn獅,布雷克,魔爾曼,,布雷克
40,2026-04-16,,,4,統一7-ELEVEn獅,樂天桃猿,7,3,樂天桃園,3H16M,已結束,統一7-ELEVEn獅,喬登,麥斯威尼,,喬登
41,2026-04-17,,,4,樂天桃猿,台鋼雄鷹,6,3,澄清湖,2H57M,已結束,樂天桃猿,威能帝,坎南,,何品室融
42,2026-04-17,,,4,統一7-ELEVEn獅,富邦悍將,9,5,新莊,3H6M,已結束,統一7-ELEVEn獅,胡智爲,李吳永勤,,李丞齡
43,2026-04-17,,,4,中信兄弟,味全龍,5,3,天母,2H53M,已結束,中信兄弟,勝騎士,梅賽鍶,李振昌,岳政華
44,2026-04-18,,,4,樂天桃猿,台鋼雄鷹,1,6,澄清湖,2H32M,已結束,台鋼雄鷹,江承諺,艾菩樂,,江承諺
45,2026-04-18,,,4,統一7-ELEVEn獅,富邦悍將,0,1,新莊,2H36M,已結束,富邦悍將,李東洺,獅帝芬,曾峻岳,李東洺
46,2026-04-18,,,4,中信兄弟,味全龍,1,8,天母,3H13M,已結束,味全龍,李超,黎克,,劉基鴻
47,2026-04-19,,,4,樂天桃猿,台鋼雄鷹,4,5,澄清湖,3H3M,已結束,台鋼雄鷹,施子謙,林子崴,林詩翔,陳文杰
48,2026-04-19,,,4,中信兄弟,味全龍,3,9,天母,2H42M,已結束,味全龍,郭郁政,魏碩成,,張祐銘
49,2026-04-19,,,4,統一7-ELEVEn獅,富邦悍將,1,7,新莊,2H56M,已結束,富邦悍將,鈴木駿輔,張宥謙,,鈴木駿輔
50,2026-04-21,,,4,中信兄弟,統一7-ELEVEn獅,6,0,亞太主,2H21M,已結束,中信兄弟,鄭浩均,布雷克,,鄭浩均
51,2026-04-21,,,4,富邦悍將,樂天桃猿,1,6,樂天桃園,2H34M,已結束,樂天桃猿,魔爾曼,陳品宏,,李勛傑
52,2026-04-22,,,4,中信兄弟,統一7-ELEVEn獅,7,2,亞太主,2H46M,已結束,中信兄弟,羅戈,鄭副豪,,羅戈
53,2026-04-22,,,4,富邦悍將,樂天桃猿,2,4,樂天桃園,2H26M,已結束,樂天桃猿,劉家翔,游霆崴,朱承洋,劉家翔
54,2026-04-22,,,4,味全龍,台鋼雄鷹,8,0,嘉義市,3H5M,已結束,味全龍,魔神龍,後勁,,張政禹
55,2026-04-23,,,4,味全龍,台鋼雄鷹,3,4,澄清湖,2H47M,已結束,台鋼雄鷹,坎南,林子昱,林詩翔,陳文杰
56,2026-04-24,,,4,台鋼雄鷹,統一7-ELEVEn獅,6,7,亞太主,3H49M,已結束,統一7-ELEVEn獅,髙塩將樹,許峻暘,,朱迦恩
57,2026-06-23,2026-04-24,延賽,6,富邦悍將,中信兄弟,3,6,洲際,3H5M,已結束,中信兄弟,伍立辰,阿部雄大,李振昌,#許基宏
58,2026-06-24,2026-04-24,延賽,6,味全龍,樂天桃猿,2,7,樂天桃園,2H51M,已結束,樂天桃猿,曾家輝,伍鐸,林子崴,曾家輝
59,2026-04-25,,,4,台鋼雄鷹,統一7-ELEVEn獅,4,6,亞太主,2H45M,已結束,統一7-ELEVEn獅,獅帝芬,王躍霖,鍾允華,陳傑憲
60,2026-04-25,,,4,富邦悍將,中信兄弟,0,1,洲際,2H32M,已結束,中信兄弟,勝騎士,魔力藍,李振昌,勝騎士
61,2026-04-25,,,4,味全龍,樂天桃猿,4,1,樂天桃園,2H26M,已結束,味全龍,陳冠偉,朱承洋,林凱威,王順和
62,2026-04-26,,,4,台鋼雄鷹,統一7-ELEVEn獅,5,9,亞太主,3H16M,已結束,統一7-ELEVEn獅,郭俊麟,王維中,,林培緯
63,2026-04-26,,,4,富邦悍將,中信兄弟,8,5,洲際,3H44M,已結束,富邦悍將,鈴木駿輔,黎克,曾峻岳,王勝偉
64,2026-04-26,,,4,味全龍,樂天桃猿,2,3,樂天桃園,2H52M,已結束,樂天桃猿,朱承洋,陳冠偉,,劉子杰
65,2026-04-28,,,4,統一7-ELEVEn獅,味全龍,3,5,天母,2H37M,已結束,味全龍,蔣銲,胡智爲,林凱威,張政禹
66,2026-04-28,,,4,台鋼雄鷹,富邦悍將,0,6,新莊,2H29M,已結束,富邦悍將,李東洺,後勁,,李東洺
67,2026-04-29,,,4,統一7-ELEVEn獅,味全龍,0,1,天母,2H27M,已結束,味全龍,魔神龍,銳力獅,林凱威,郭天信
68,2026-04-29,,,4,台鋼雄鷹,富邦悍將,5,1,新莊,2H44M,已結束,台鋼雄鷹,江承諺,陳品宏,,王柏融
69,2026-04-29,,,4,樂天桃猿,中信兄弟,2,2,洲際,2H38M,已結束,和局,,,,鄭浩均
70,2026-04-30,,,4,樂天桃猿,中信兄弟,3,1,洲際,2H22M,已結束,樂天桃猿,曾家輝,羅戈,朱承洋,曾家輝
71,2026-05-01,,,5,樂天桃猿,統一7-ELEVEn獅,0,3,亞太主,2H12M,已結束,統一7-ELEVEn獅,獅帝芬,艾菩樂,鍾允華,獅帝芬
72,2026-05-01,,,5,中信兄弟,台鋼雄鷹,2,0,大巨蛋,2H42M,已結束,中信兄弟,勝騎士,艾速特,李振昌,勝騎士
73,2026-05-01,,,5,富邦悍將,味全龍,1,3,天母,2H37M,已結束,味全龍,曾仁和,魔力藍,林凱威,曾仁和
74,2026-05-02,,,5,樂天桃猿,統一7-ELEVEn獅,2,9,亞太主,3H14M,已結束,統一7-ELEVEn獅,張宥謙,麥斯威尼,,蘇智傑
75,2026-05-02,,,5,中信兄弟,台鋼雄鷹,0,2,大巨蛋,2H30M,已結束,台鋼雄鷹,黃子鵬,黎克,林詩翔,黃子鵬
76,2026-05-02,,,5,富邦悍將,味全龍,5,4,天母,2H59M,已結束,富邦悍將,江國豪,鋼龍,曾峻岳,張育成
77,2026-05-03,,,5,中信兄弟,台鋼雄鷹,2,3,大巨蛋,2H45M,已結束,台鋼雄鷹,林詩翔,李振昌,,曾子祐
78,2026-05-03,,,5,樂天桃猿,統一7-ELEVEn獅,1,4,亞太主,2H37M,已結束,統一7-ELEVEn獅,林詔恩,威能帝,鍾允華,潘傑楷
79,2026-05-03,,,5,富邦悍將,味全龍,4,6,天母,2H56M,已結束,味全龍,陳冠偉,張奕,林凱威,朱育賢
80,2026-06-26,2026-05-05,延賽,6,樂天桃猿,富邦悍將,3,1,新莊,1H43M,已結束,樂天桃猿,威能帝,鈴木駿輔,,威能帝
81,2026-05-05,,,5,中信兄弟,味全龍,3,5,大巨蛋,3H23M,已結束,味全龍,呂偉晟,蔡齊哲,,劉基鴻
82,2026-05-06,,,5,樂天桃猿,富邦悍將,1,7,新莊,2H59M,已結束,富邦悍將,李東洺,魔爾曼,,李東洺
83,2026-05-06,,,5,中信兄弟,味全龍,6,0,大巨蛋,3H15M,已結束,中信兄弟,羅戈,魔神龍,,羅戈
84,2026-05-06,,,5,台鋼雄鷹,統一7-ELEVEn獅,1,4,嘉義市,3H8M,已結束,統一7-ELEVEn獅,銳力獅,江承諺,鍾允華,陳重羽
85,2026-05-08,,,5,味全龍,富邦悍將,1,2,新莊,2H35M,已結束,富邦悍將,魔力藍,鋼龍,曾峻岳,魔力藍
86,2026-05-08,,,5,統一7-ELEVEn獅,樂天桃猿,1,2,樂天桃園,2H36M,已結束,樂天桃猿,陳冠宇,邱浩鈞,朱承洋,馬傑森
87,2026-05-08,,,5,台鋼雄鷹,中信兄弟,6,0,洲際,2H55M,已結束,台鋼雄鷹,艾速特,勝騎士,,紀慶然
88,2026-05-09,,,5,味全龍,富邦悍將,8,2,新莊,3H37M,已結束,味全龍,梅賽鍶,陳仕朋,,朱育賢
89,2026-05-09,,,5,統一7-ELEVEn獅,樂天桃猿,1,0,樂天桃園,2H12M,已結束,統一7-ELEVEn獅,布雷克,麥斯威尼,鍾允華,布雷克
90,2026-05-09,,,5,台鋼雄鷹,中信兄弟,2,4,洲際,2H49M,已結束,中信兄弟,德保拉,後勁,李振昌,高宇杰
91,2026-05-10,,,5,味全龍,富邦悍將,7,8,新莊,3H33M,已結束,富邦悍將,曾峻岳,林鋅杰,,高國麟
92,2026-05-10,,,5,統一7-ELEVEn獅,樂天桃猿,2,7,樂天桃園,3H1M,已結束,樂天桃猿,威能帝,郭俊麟,,威能帝
93,2026-05-10,,,5,台鋼雄鷹,中信兄弟,2,0,洲際,2H55M,已結束,台鋼雄鷹,坎南,林暉盛,林詩翔,坎南
94,2026-05-12,,,5,味全龍,統一7-ELEVEn獅,3,5,亞太主,3H2M,已結束,統一7-ELEVEn獅,胡智爲,伍鐸,鍾允華,胡智爲
95,2026-05-13,,,5,味全龍,統一7-ELEVEn獅,1,2,亞太主,2H32M,已結束,統一7-ELEVEn獅,銳力獅,蔣銲,鍾允華,林泓弦
96,2026-05-13,,,5,富邦悍將,中信兄弟,17,2,洲際,3H24M,已結束,富邦悍將,李東洺,鄭浩均,,王念好
97,2026-05-13,,,5,樂天桃猿,台鋼雄鷹,3,1,嘉義市,2H46M,已結束,樂天桃猿,魔爾曼,黃子鵬,陳冠宇,魔爾曼
98,2026-05-14,,,5,樂天桃猿,台鋼雄鷹,2,3,澄清湖,2H53M,已結束,台鋼雄鷹,林詩翔,朱承洋,,吳念庭
99,2026-05-15,,,5,中信兄弟,統一7-ELEVEn獅,7,4,亞太主,3H15M,已結束,中信兄弟,勝騎士,獅帝芬,,張仁瑋
100,2026-05-15,,,5,樂天桃猿,味全龍,1,3,天母,2H56M,已結束,味全龍,林鋅杰,蘇俊璋,陳冠偉,劉俊緯
101,2026-05-15,,,5,台鋼雄鷹,富邦悍將,1,3,新莊,2H32M,已結束,富邦悍將,魔力藍,艾速特,曾峻岳,魔力藍
102,2026-05-16,,,5,中信兄弟,統一7-ELEVEn獅,1,0,亞太主,2H24M,已結束,中信兄弟,德保拉,布雷克,呂彥青,德保拉
103,2026-05-16,,,5,樂天桃猿,味全龍,1,3,天母,2H26M,已結束,味全龍,曾仁和,威能帝,陳冠偉,曾仁和
104,2026-05-16,,,5,台鋼雄鷹,富邦悍將,3,6,新莊,3H0M,已結束,富邦悍將,鈴木駿輔,陳宇宏,曾峻岳,童堉誠
105,2026-05-17,,,5,中信兄弟,統一7-ELEVEn獅,3,4,亞太主,3H0M,已結束,統一7-ELEVEn獅,李其峰,錢可倫,鍾允華,朱迦恩
106,2026-05-17,,,5,樂天桃猿,味全龍,0,2,天母,2H10M,已結束,味全龍,梅賽鍶,艾菩樂,林凱威,梅賽鍶
107,2026-05-17,,,5,台鋼雄鷹,富邦悍將,6,5,新莊,3H46M,已結束,台鋼雄鷹,韋宏亮,陳仕朋,林詩翔,郭阜林
108,2026-05-19,,,5,台鋼雄鷹,味全龍,0,2,花蓮,2H56M,已結束,味全龍,林子昱,黃子鵬,林凱威,李凱威
109,2026-05-20,,,5,台鋼雄鷹,味全龍,2,5,花蓮,2H52M,已結束,味全龍,伍鐸,江承諺,陳冠偉,伍鐸
110,2026-05-20,,,5,中信兄弟,樂天桃猿,7,9,樂天桃園,3H24M,已結束,樂天桃猿,蘇俊璋,蔡齊哲,朱承洋,李勛傑
111,2026-05-20,,,5,統一7-ELEVEn獅,富邦悍將,2,9,新莊,2H38M,已結束,富邦悍將,阿部雄大,銳力獅,,王苡丞
112,2026-05-21,,,5,統一7-ELEVEn獅,富邦悍將,2,6,新莊,3H0M,已結束,富邦悍將,李東洺,郭俊麟,張奕,李東洺
113,2026-05-22,,,5,富邦悍將,樂天桃猿,2,3,樂天桃園,2H45M,已結束,樂天桃猿,曾家輝,魔力藍,朱承洋,曾家輝
114,2026-05-22,,,5,味全龍,中信兄弟,7,2,大巨蛋,3H7M,已結束,味全龍,林子昱,李振昌,,拿莫．伊漾
115,2026-05-22,,,5,統一7-ELEVEn獅,台鋼雄鷹,1,3,澄清湖,2H36M,已結束,台鋼雄鷹,艾速特,獅帝芬,林詩翔,艾速特
116,2026-05-23,,,5,統一7-ELEVEn獅,台鋼雄鷹,0,2,澄清湖,2H2M,已結束,台鋼雄鷹,坎南,布雷克,林詩翔,坎南
117,2026-05-23,,,5,富邦悍將,樂天桃猿,3,1,樂天桃園,2H42M,已結束,富邦悍將,鈴木駿輔,艾菩樂,曾峻岳,張育成
118,2026-05-23,,,5,味全龍,中信兄弟,2,0,大巨蛋,2H3M,已結束,味全龍,梅賽鍶,德保拉,林凱威,蔣少宏
119,2026-05-24,,,5,味全龍,中信兄弟,5,0,大巨蛋,2H45M,已結束,味全龍,鋼龍,鄭浩均,,朱育賢
120,2026-05-24,,,5,統一7-ELEVEn獅,台鋼雄鷹,7,5,澄清湖,3H45M,已結束,統一7-ELEVEn獅,髙塩將樹,林詩翔,鍾允華,朱迦恩
121,2026-05-24,,,5,富邦悍將,樂天桃猿,1,4,樂天桃園,3H0M,已結束,樂天桃猿,陳克羿,陳品宏,莊昕諺,陳克羿
122,2026-05-26,,,5,富邦悍將,味全龍,3,4,大巨蛋,3H45M,已結束,味全龍,林凱威,林栚呈,,劉俊緯
123,2026-05-26,,,5,樂天桃猿,統一7-ELEVEn獅,1,0,嘉義市,3H8M,已結束,樂天桃猿,魔爾曼,高偉強,陳冠宇,魔爾曼
124,2026-05-27,,,5,富邦悍將,味全龍,5,1,大巨蛋,3H5M,已結束,富邦悍將,李東洺,曾仁和,,李東洺
125,2026-05-27,,,5,樂天桃猿,統一7-ELEVEn獅,5,8,嘉義市,3H6M,已結束,統一7-ELEVEn獅,黃竣彥,邱駿威,,陳重羽
126,2026-05-27,,,5,中信兄弟,台鋼雄鷹,0,6,澄清湖,2H58M,已結束,台鋼雄鷹,艾速特,菲力士,,艾速特
127,2026-05-28,,,5,中信兄弟,台鋼雄鷹,4,6,澄清湖,2H49M,已結束,台鋼雄鷹,陳宇宏,羅戈,林詩翔,魔鷹
128,2026-05-29,,,5,統一7-ELEVEn獅,味全龍,7,8,天母,3H7M,已結束,味全龍,林凱威,黃竣彥,,張祐嘉
129,2026-05-29,,,5,中信兄弟,富邦悍將,2,4,大巨蛋,2H48M,已結束,富邦悍將,賴鴻誠,德保拉,曾峻岳,林書逸
130,2026-05-29,,,5,台鋼雄鷹,樂天桃猿,9,3,樂天桃園,3H8M,已結束,台鋼雄鷹,坎南,艾菩樂,,坎南
131,2026-05-30,,,5,統一7-ELEVEn獅,味全龍,0,2,天母,2H20M,已結束,味全龍,梅賽鍶,布雷克,林凱威,梅賽鍶
132,2026-05-30,,,5,中信兄弟,富邦悍將,10,1,大巨蛋,3H17M,已結束,中信兄弟,鄭浩均,鈴木駿輔,,鄭浩均
133,2026-05-30,,,5,台鋼雄鷹,樂天桃猿,5,3,樂天桃園,3H34M,已結束,台鋼雄鷹,黃群,朱承洋,林詩翔,曾子祐
134,2026-05-31,,,5,統一7-ELEVEn獅,味全龍,4,1,天母,2H40M,已結束,統一7-ELEVEn獅,吳承諭,林子昱,鍾允華,邱智呈
135,2026-05-31,,,5,中信兄弟,富邦悍將,6,3,大巨蛋,2H51M,已結束,中信兄弟,勝騎士,陳品宏,呂彥青,張仁瑋
136,2026-05-31,,,5,台鋼雄鷹,樂天桃猿,6,7,樂天桃園,3H21M,已結束,樂天桃猿,舒治浩,林詩翔,,林泓育
137,2026-06-02,,,6,統一7-ELEVEn獅,中信兄弟,7,3,大巨蛋,3H9M,已結束,統一7-ELEVEn獅,郭俊麟,菲力士,,邱智呈
138,2026-06-03,,,6,統一7-ELEVEn獅,中信兄弟,2,0,大巨蛋,2H30M,已結束,統一7-ELEVEn獅,銳力獅,羅戈,鍾允華,銳力獅
139,2026-06-03,,,6,味全龍,樂天桃猿,7,3,樂天桃園,3H24M,已結束,味全龍,郭郁政,陳克羿,林子昱,李凱威
140,2026-06-03,,,6,富邦悍將,台鋼雄鷹,2,13,澄清湖,3H16M,已結束,台鋼雄鷹,艾速特,阿部雄大,,魔鷹
141,2026-06-24,2026-06-04,延賽,6,富邦悍將,台鋼雄鷹,3,1,澄清湖,2H36M,已結束,富邦悍將,陳品宏,艾速特,曾峻岳,陳品宏
142,2026-06-05,,,6,樂天桃猿,中信兄弟,6,7,洲際,3H44M,已結束,中信兄弟,呂彥青,陳冠宇,吳俊偉,岳政華
143,2026-06-05,,,6,富邦悍將,統一7-ELEVEn獅,6,2,大巨蛋,2H55M,已結束,富邦悍將,魔力藍,李軍,,張育豪
144,2026-06-23,2026-06-05,延賽,6,味全龍,台鋼雄鷹,1,2,澄清湖,2H46M,已結束,台鋼雄鷹,江承諺,梅賽鍶,林詩翔,魔鷹
145,2026-06-06,,,6,富邦悍將,統一7-ELEVEn獅,0,8,大巨蛋,3H9M,已結束,統一7-ELEVEn獅,喬登,江國豪,,陳傑憲
146,2026-06-06,,,6,味全龍,台鋼雄鷹,10,2,澄清湖,2H42M,已結束,味全龍,梅賽鍶,後勁,伍鐸,張政禹
147,2026-06-06,,,6,樂天桃猿,中信兄弟,4,8,洲際,3H16M,已結束,中信兄弟,蔡齊哲,邱駿威,,張士綸
148,2026-06-07,,,6,富邦悍將,統一7-ELEVEn獅,4,1,大巨蛋,3H8M,已結束,富邦悍將,李東洺,獅帝芬,曾峻岳,李東洺
149,2026-06-07,,,6,味全龍,台鋼雄鷹,1,2,澄清湖,2H52M,已結束,台鋼雄鷹,施子謙,林凱威,,曾子祐
150,2026-06-28,2026-06-07,保留,6,樂天桃猿,中信兄弟,2,0,洲際,2H22M,已結束,樂天桃猿,魔爾曼,德保拉,朱承洋,林泓育
151,2026-06-28,2026-06-09,延賽,6,味全龍,富邦悍將,1,4,新莊,3H1M,已結束,富邦悍將,張奕,陳暐皓,曾峻岳,孔念恩
152,2026-06-26,2026-06-09,延賽,6,台鋼雄鷹,中信兄弟,2,3,洲際,2H36M,已結束,中信兄弟,羅戈,坎南,李振昌,呂彥青
153,2026-06-23,2026-06-10,延賽,6,統一7-ELEVEn獅,樂天桃猿,1,0,樂天桃園,2H33M,已結束,統一7-ELEVEn獅,林詔恩,榊原元稀,鍾允華,#王翾祐
154,2026-06-11,,,6,中信兄弟,味全龍,3,4,天母,3H24M,已結束,味全龍,林凱威,吳俊偉,,朱育賢
155,2026-06-11,,,6,統一7-ELEVEn獅,富邦悍將,1,6,新莊,2H59M,已結束,富邦悍將,阿部雄大,林詔恩,,林澤彬
156,2026-06-17,2026-06-11,延賽,6,樂天桃猿,台鋼雄鷹,9,7,澄清湖,3H44M,已結束,樂天桃猿,莊昕諺,施子謙,朱承洋,馬傑森
157,2026-06-30,2026-06-12,延賽,6,中信兄弟,味全龍,1,9,天母,3H3M,已結束,味全龍,蔣銲,菲力士,,郭天信
158,2026-06-30,2026-06-12,延賽,6,統一7-ELEVEn獅,富邦悍將,5,6,新莊,4H10M,已結束,富邦悍將,張奕,鍾允華,,申皓瑋
159,2026-06-12,,,6,樂天桃猿,台鋼雄鷹,1,0,澄清湖,3H14M,已結束,樂天桃猿,陳冠宇,林詩翔,朱承洋,#魔爾曼
160,2026-06-13,,,6,統一7-ELEVEn獅,味全龍,6,1,天母,2H57M,已結束,統一7-ELEVEn獅,邱浩鈞,陳冠偉,,陳傑憲
161,2026-06-13,,,6,台鋼雄鷹,富邦悍將,9,0,新莊,2H42M,已結束,台鋼雄鷹,黃子鵬,魔力藍,,黃子鵬
162,2026-06-13,,,6,樂天桃猿,中信兄弟,9,9,洲際,4H37M,已結束,和局,,,,江坤宇
163,2026-06-14,,,6,統一7-ELEVEn獅,味全龍,7,5,天母,2H54M,已結束,統一7-ELEVEn獅,鄭澔,林子昱,鍾允華,陳傑憲
164,2026-06-14,,,6,台鋼雄鷹,富邦悍將,0,7,新莊,3H14M,已結束,富邦悍將,李東洺,艾速特,,李東洺
165,2026-07-02,2026-06-14,延賽,7,樂天桃猿,中信兄弟,9,6,洲際,3H14M,已結束,樂天桃猿,林子崴,魏碩成,朱承洋,林泓育
166,2026-06-16,,,6,中信兄弟,台鋼雄鷹,1,6,澄清湖,2H35M,已結束,台鋼雄鷹,王維中,伍立辰,,#王維中
167,2026-07-01,2026-06-16,延賽,7,樂天桃猿,統一7-ELEVEn獅,0,1,亞太主,2H23M,已結束,統一7-ELEVEn獅,吳承諭,陳冠宇,,李丞齡
168,2026-06-17,,,6,富邦悍將,味全龍,1,3,天母,2H27M,已結束,味全龍,梅賽鍶,阿部雄大,林凱威,梅賽鍶
169,2026-06-18,,,6,台鋼雄鷹,統一7-ELEVEn獅,1,7,亞太主,3H3M,已結束,統一7-ELEVEn獅,獅帝芬,後勁,,獅帝芬
170,2026-06-18,,,6,味全龍,樂天桃猿,7,0,樂天桃園,2H51M,已結束,味全龍,伍鐸,魔爾曼,,伍鐸
171,2026-06-18,,,6,富邦悍將,中信兄弟,4,5,洲際,3H12M,已結束,中信兄弟,羅戈,江國豪,李振昌,王威晨
172,2026-06-19,,,6,台鋼雄鷹,統一7-ELEVEn獅,1,0,亞太主,2H48M,已結束,台鋼雄鷹,艾速特,喬登,林詩翔,艾速特
173,2026-06-19,,,6,味全龍,樂天桃猿,11,3,樂天桃園,3H25M,已結束,味全龍,魔神龍,艾菩樂,,吉力吉撈．鞏冠
174,2026-06-19,,,6,富邦悍將,中信兄弟,11,6,洲際,3H31M,已結束,富邦悍將,魔力藍,勝騎士,,張育成
175,2026-06-20,,,6,中信兄弟,統一7-ELEVEn獅,7,1,亞太主,2H39M,已結束,中信兄弟,德保拉,布雷克,,德保拉
176,2026-06-20,,,6,味全龍,台鋼雄鷹,4,0,澄清湖,2H39M,已結束,味全龍,鋼龍,黃群,,鋼龍
177,2026-06-20,,,6,富邦悍將,樂天桃猿,2,0,樂天桃園,2H20M,已結束,富邦悍將,鈴木駿輔,陳克羿,,鈴木駿輔
178,2026-06-21,,,6,中信兄弟,統一7-ELEVEn獅,6,4,亞太主,3H11M,已結束,中信兄弟,呂彥青,髙塩將樹,李振昌,呂彥青
179,2026-06-21,,,6,味全龍,台鋼雄鷹,7,5,澄清湖,3H45M,已結束,味全龍,趙璟榮,林詩翔,林凱威,李凱威
180,2026-06-21,,,6,富邦悍將,樂天桃猿,3,1,樂天桃園,2H33M,已結束,富邦悍將,李東洺,莊昕諺,曾峻岳,李東洺
181,2026-07-03,,,7,統一7-ELEVEn獅,台鋼雄鷹,3,6,澄清湖,3H6M,已結束,台鋼雄鷹,艾速特,銳力獅,林詩翔,王柏融
182,2026-07-03,,,7,富邦悍將,味全龍,6,3,天母,3H5M,已結束,富邦悍將,魔力藍,梅賽鍶,曾峻岳,范國宸
183,2026-07-03,,,7,樂天桃猿,中信兄弟,5,3,洲際,2H49M,已結束,樂天桃猿,威能帝,羅戈,朱承洋,威能帝
184,2026-07-04,,,7,統一7-ELEVEn獅,台鋼雄鷹,5,4,澄清湖,2H59M,已結束,統一7-ELEVEn獅,李軍,陳柏清,鍾允華,林子豪
185,2026-07-04,,,7,富邦悍將,味全龍,2,11,天母,3H1M,已結束,味全龍,曾仁和,鈴木駿輔,,郭天信
186,2026-07-04,,,7,樂天桃猿,中信兄弟,1,2,洲際,2H34M,已結束,中信兄弟,德保拉,魔爾曼,李振昌,德保拉
187,2026-07-05,,,7,統一7-ELEVEn獅,台鋼雄鷹,1,4,澄清湖,3H3M,已結束,台鋼雄鷹,坎南,林詔恩,陳柏清,坎南
188,2026-07-05,,,7,富邦悍將,味全龍,3,5,天母,2H57M,已結束,味全龍,魔神龍,李東洺,林凱威,陳子豪
189,2026-07-05,,,7,樂天桃猿,中信兄弟,4,2,洲際,2H49M,已結束,樂天桃猿,曾家輝,勝騎士,朱承洋,林立
190,2026-07-07,,,7,樂天桃猿,富邦悍將,5,3,新莊,3H17M,已結束,樂天桃猿,蘇俊璋,張奕,朱承洋,林立
191,2026-07-07,,,7,中信兄弟,統一7-ELEVEn獅,0,5,亞太主,2H58M,已結束,統一7-ELEVEn獅,喬登,鄭浩均,,喬登
192,2026-07-08,,,7,樂天桃猿,富邦悍將,1,0,新莊,2H36M,已結束,樂天桃猿,陳克羿,李建勳,朱承洋,陳克羿
193,2026-07-08,,,7,中信兄弟,統一7-ELEVEn獅,7,5,亞太主,3H3M,已結束,中信兄弟,羅戈,吳承諭,李振昌,岳政華
194,2026-07-08,,,7,台鋼雄鷹,味全龍,2,1,斗六,3H13M,已結束,台鋼雄鷹,黃子鵬,蔣銲,黃群,李欣穎
195,2026-07-09,,,7,台鋼雄鷹,味全龍,5,0,斗六,2H44M,已結束,台鋼雄鷹,艾速特,鋼龍,,艾速特
196,2026-09-22,2026-07-10,延賽,9,中信兄弟,富邦悍將,9,8,新莊,3H53M,已結束,中信兄弟,呂彥青,張奕,蔡齊哲,張仁瑋
197,2026-09-22,2026-07-10,延賽,9,台鋼雄鷹,樂天桃猿,5,6,樂天桃園,2H44M,已結束,樂天桃猿,邱駿威,江承諺,陳冠宇,馬傑森
198,2026-07-10,,,7,味全龍,統一7-ELEVEn獅,4,7,亞太主,3H34M,已結束,統一7-ELEVEn獅,李其峰,林子昱,鍾允華,蘇智傑
199,2026-10-03,2026-07-11,延賽,10,味全龍,統一7-ELEVEn獅,3,5,亞太主,3H10M,已結束,統一7-ELEVEn獅,林易霆,魔神龍,王鏡銘,林祖傑
200,2026-10-03,2026-07-11,延賽,10,中信兄弟,富邦悍將,3,0,新莊,3H6M,已結束,中信兄弟,勝騎士,廖任磊,呂彥青,黃韋盛
201,2026-10-03,2026-07-11,延賽,10,台鋼雄鷹,樂天桃猿,5,7,樂天桃園,2H49M,已結束,樂天桃猿,賴威誠,陳柏清,陳冠宇,梁家榮
202,2026-07-12,,,7,味全龍,統一7-ELEVEn獅,6,11,亞太主,3H32M,已結束,統一7-ELEVEn獅,獅帝芬,魔神龍,,獅帝芬
203,2026-07-12,,,7,中信兄弟,富邦悍將,8,2,新莊,3H8M,已結束,中信兄弟,德保拉,魔力藍,,德保拉
204,2026-07-12,,,7,台鋼雄鷹,樂天桃猿,1,6,樂天桃園,2H51M,已結束,樂天桃猿,威能帝,坎南,,威能帝
205,2026-07-14,,,7,味全龍,中信兄弟,2,1,嘉義市,2H50M,已結束,味全龍,蔣銲,勝騎士,林凱威,蔣銲
206,2026-07-14,,,7,富邦悍將,台鋼雄鷹,2,0,台東,2H59M,已結束,富邦悍將,鈴木駿輔,後勁,曾峻岳,鈴木駿輔
207,2026-07-15,,,7,味全龍,中信兄弟,4,0,嘉義市,2H50M,已結束,味全龍,鋼龍,鄭浩均,,鋼龍
208,2026-07-15,,,7,富邦悍將,台鋼雄鷹,0,12,台東,3H14M,已結束,台鋼雄鷹,黃子鵬,威戈神,,黃子鵬
209,2026-07-15,,,7,統一7-ELEVEn獅,樂天桃猿,3,2,樂天桃園,3H56M,已結束,統一7-ELEVEn獅,邱浩鈞,舒治浩,鍾允華,朱迦恩
210,2026-07-16,,,7,統一7-ELEVEn獅,樂天桃猿,1,2,樂天桃園,2H26M,已結束,樂天桃猿,陳克羿,銳力獅,陳冠宇,李勛傑
211,2026-07-21,,,7,台鋼雄鷹,中信兄弟,9,6,洲際,3H32M,已結束,台鋼雄鷹,韋宏亮,李振昌,黃群,王柏融
212,2026-07-21,,,7,樂天桃猿,味全龍,2,3,大巨蛋,2H45M,已結束,味全龍,魔神龍,威能帝,林凱威,朱育賢
213,2026-07-22,,,7,台鋼雄鷹,中信兄弟,4,19,洲際,3H29M,已結束,中信兄弟,勝騎士,江承諺,,張士綸
214,2026-07-22,,,7,樂天桃猿,味全龍,1,2,大巨蛋,3H5M,已結束,味全龍,李超,陳冠宇,,蔣少宏
215,2026-07-22,,,7,富邦悍將,統一7-ELEVEn獅,3,1,亞太主,3H0M,已結束,富邦悍將,鈴木駿輔,獅帝芬,曾峻岳,鈴木駿輔
216,2026-07-23,,,7,富邦悍將,統一7-ELEVEn獅,6,0,亞太主,2H48M,已結束,富邦悍將,陳仕朋,喬登,,陳仕朋
217,2026-07-24,,,7,統一7-ELEVEn獅,中信兄弟,5,2,洲際,2H52M,已結束,統一7-ELEVEn獅,銳力獅,菲力士,鍾允華,銳力獅
218,2026-07-24,,,7,味全龍,台鋼雄鷹,3,4,澄清湖,3H14M,已結束,台鋼雄鷹,坎南,鋼龍,黃群,曾子祐
219,2026-07-24,,,7,富邦悍將,樂天桃猿,6,5,大巨蛋,4H24M,已結束,富邦悍將,林栚呈,呂詠臻,王浩原,申皓瑋
220,2026-07-25,,,7,味全龍,台鋼雄鷹,5,4,澄清湖,2H55M,已結束,味全龍,林凱威,李欣穎,林鋅杰,林辰勳
221,2026-07-25,,,7,統一7-ELEVEn獅,中信兄弟,4,3,洲際,2H34M,已結束,統一7-ELEVEn獅,布雷克,伍立辰,鍾允華,林子豪
222,2026-07-25,,,7,富邦悍將,樂天桃猿,2,3,大巨蛋,2H41M,已結束,樂天桃猿,曾家輝,廖任磊,陳冠宇,曾家輝
223,2026-07-26,,,7,味全龍,台鋼雄鷹,2,4,澄清湖,2H52M,已結束,台鋼雄鷹,韋宏亮,伍鐸,陳柏清,陳文杰
224,2026-07-26,,,7,統一7-ELEVEn獅,中信兄弟,0,1,洲際,2H52M,已結束,中信兄弟,羅戈,林詔恩,李振昌,江坤宇
225,2026-07-26,,,7,富邦悍將,樂天桃猿,0,2,大巨蛋,2H21M,已結束,樂天桃猿,林子崴,威戈神,莊昕諺,林子崴
226,2026-07-28,,,7,味全龍,富邦悍將,6,1,大巨蛋,2H57M,已結束,味全龍,蔣銲,阿部雄大,,蔣銲
227,2026-07-28,,,7,台鋼雄鷹,統一7-ELEVEn獅,1,3,亞太主,2H43M,已結束,統一7-ELEVEn獅,獅帝芬,後勁,鍾允華,陳傑憲
228,2026-07-29,,,7,味全龍,富邦悍將,3,1,大巨蛋,3H4M,已結束,味全龍,林鋅杰,鈴木駿輔,林凱威,陳子豪
229,2026-07-29,,,7,台鋼雄鷹,統一7-ELEVEn獅,5,4,亞太主,3H30M,已結束,台鋼雄鷹,黃群,劉軒荅,,黃群
230,2026-07-29,,,7,中信兄弟,樂天桃猿,5,12,樂天桃園,3H27M,已結束,樂天桃猿,威能帝,德保拉,,林政華
231,2026-07-30,,,7,中信兄弟,樂天桃猿,10,5,樂天桃園,3H25M,已結束,中信兄弟,鄭浩均,陳克羿,,高宇杰
232,2026-07-31,,,7,台鋼雄鷹,富邦悍將,6,9,新莊,3H55M,已結束,富邦悍將,張奕,陳柏清,曾峻岳,董子恩
233,2026-07-31,,,7,中信兄弟,味全龍,2,4,大巨蛋,2H39M,已結束,味全龍,鋼龍,勝騎士,林凱威,劉基鴻
234,2026-07-31,,,7,樂天桃猿,統一7-ELEVEn獅,1,0,亞太主,2H30M,已結束,樂天桃猿,艾菩樂,布雷克,陳冠宇,艾菩樂
235,2026-08-01,,,8,樂天桃猿,統一7-ELEVEn獅,3,2,亞太主,3H21M,已結束,樂天桃猿,莊昕諺,鍾允華,陳冠宇,馬傑森
236,2026-08-01,,,8,台鋼雄鷹,富邦悍將,1,3,新莊,2H43M,已結束,富邦悍將,魔力藍,黃子鵬,曾峻岳,孔念恩
237,2026-08-01,,,8,中信兄弟,味全龍,1,4,大巨蛋,2H27M,已結束,味全龍,梅賽鍶,伍立辰,林凱威,梅賽鍶
238,2026-08-02,,,8,中信兄弟,味全龍,7,0,大巨蛋,2H59M,已結束,中信兄弟,羅戈,伍鐸,,羅戈
239,2026-08-02,,,8,樂天桃猿,統一7-ELEVEn獅,0,2,亞太主,2H41M,已結束,統一7-ELEVEn獅,髙塩將樹,呂詠臻,鍾允華,陳鏞基
240,2026-08-02,,,8,台鋼雄鷹,富邦悍將,10,3,新莊,3H44M,已結束,台鋼雄鷹,後勁,陳仕朋,,曾子祐
241,2026-08-04,,,8,樂天桃猿,台鋼雄鷹,8,1,嘉義市,3H9M,已結束,樂天桃猿,威能帝,黃子豪,,威克
242,2026-08-04,,,8,富邦悍將,中信兄弟,0,5,洲際,2H25M,已結束,中信兄弟,德保拉,阿部雄大,,德保拉
243,2026-08-05,,,8,樂天桃猿,台鋼雄鷹,6,7,澄清湖,3H23M,已結束,台鋼雄鷹,黃群,王志煊,,王柏融
244,2026-08-05,,,8,富邦悍將,中信兄弟,10,2,洲際,3H1M,已結束,富邦悍將,鈴木駿輔,鄭浩均,,范國宸
245,2026-08-05,,,8,統一7-ELEVEn獅,味全龍,0,3,天母,2H32M,已結束,味全龍,蔣銲,獅帝芬,林凱威,蔣銲
246,2026-08-06,,,8,統一7-ELEVEn獅,味全龍,8,2,天母,3H5M,已結束,統一7-ELEVEn獅,喬登,郭郁政,,陳傑憲
247,2026-08-07,,,8,中信兄弟,台鋼雄鷹,5,2,澄清湖,2H47M,已結束,中信兄弟,勝騎士,艾速特,呂彥青,勝騎士
248,2026-08-07,,,8,味全龍,樂天桃猿,1,3,樂天桃園,2H34M,已結束,樂天桃猿,艾菩樂,鋼龍,陳冠宇,艾菩樂
249,2026-08-07,,,8,統一7-ELEVEn獅,富邦悍將,4,0,新莊,2H50M,已結束,統一7-ELEVEn獅,布雷克,魔力藍,,布雷克
250,2026-08-08,,,8,中信兄弟,台鋼雄鷹,6,1,澄清湖,3H9M,已結束,中信兄弟,蔡齊哲,後勁,,黃韋盛
251,2026-10-04,2026-08-08,延賽,10,味全龍,樂天桃猿,9,4,樂天桃園,3H32M,已結束,味全龍,王伯洋,邱駿威,,趙璟榮
252,2026-10-04,2026-08-08,延賽,10,統一7-ELEVEn獅,富邦悍將,6,1,新莊,3H7M,已結束,統一7-ELEVEn獅,朱柏翰,悍里歐,,林佳緯
253,2026-08-09,,,8,中信兄弟,台鋼雄鷹,10,2,澄清湖,2H37M,已結束,中信兄弟,羅戈,坎南,,羅戈
254,2026-09-30,2026-08-09,延賽,9,味全龍,樂天桃猿,5,3,樂天桃園,2H44M,已結束,味全龍,伍鐸,威能帝,林凱威,劉基鴻
255,2026-09-30,2026-08-09,延賽,9,統一7-ELEVEn獅,富邦悍將,4,2,新莊,3H21M,已結束,統一7-ELEVEn獅,林詔恩,魔力藍,鍾允華,陳聖平
256,2026-08-11,,,8,樂天桃猿,統一7-ELEVEn獅,2,3,台東,2H45M,已結束,統一7-ELEVEn獅,胡智爲,莊昕諺,鍾允華,朱迦恩
257,2026-08-11,,,8,味全龍,台鋼雄鷹,7,4,澄清湖,2H55M,已結束,味全龍,林子昱,黃群,李超,李凱威
258,2026-08-12,,,8,樂天桃猿,統一7-ELEVEn獅,4,0,台東,2H47M,已結束,樂天桃猿,陳克羿,獅帝芬,,陳克羿
259,2026-08-12,,,8,味全龍,台鋼雄鷹,4,3,澄清湖,3H23M,已結束,味全龍,林凱威,許峻暘,陳冠偉,劉俊緯
260,2026-08-12,,,8,中信兄弟,富邦悍將,2,3,新莊,2H25M,已結束,富邦悍將,瑪帝斯,德保拉,曾峻岳,董子恩
261,2026-08-13,,,8,中信兄弟,富邦悍將,8,6,新莊,3H40M,已結束,中信兄弟,伍立辰,李東洺,,張士綸
262,2026-08-14,,,8,富邦悍將,統一7-ELEVEn獅,7,3,亞太主,3H7M,已結束,富邦悍將,鈴木駿輔,布雷克,曾峻岳,董子恩
263,2026-08-14,,,8,樂天桃猿,味全龍,1,2,大巨蛋,2H57M,已結束,味全龍,林凱威,莊昕諺,,劉俊緯
264,2026-08-14,,,8,台鋼雄鷹,中信兄弟,0,7,洲際,3H2M,已結束,中信兄弟,勝騎士,後勁,,勝騎士
265,2026-08-15,,,8,富邦悍將,統一7-ELEVEn獅,1,12,亞太主,3H18M,已結束,統一7-ELEVEn獅,林詔恩,魔力藍,,陳鏞基
266,2026-08-15,,,8,樂天桃猿,味全龍,3,9,大巨蛋,3H19M,已結束,味全龍,鋼龍,曾家輝,,吉力吉撈．鞏冠
267,2026-08-15,,,8,台鋼雄鷹,中信兄弟,11,4,洲際,3H47M,已結束,台鋼雄鷹,黃群,呂彥青,,魔鷹
268,2026-08-16,,,8,樂天桃猿,味全龍,5,1,大巨蛋,3H16M,已結束,樂天桃猿,林子崴,伍鐸,莊昕諺,林子偉
269,2026-08-16,,,8,富邦悍將,統一7-ELEVEn獅,8,2,亞太主,3H16M,已結束,富邦悍將,江國豪,張宥謙,,王苡丞
270,2026-10-04,2026-08-16,延賽,10,台鋼雄鷹,中信兄弟,1,12,洲際,2H40M,已結束,中信兄弟,羅戈,張誠恩,,羅戈
271,2026-08-18,,,8,統一7-ELEVEn獅,台鋼雄鷹,8,0,台東,2H59M,已結束,統一7-ELEVEn獅,銳力獅,黃子鵬,,銳力獅
272,2026-08-18,,,8,富邦悍將,樂天桃猿,5,0,樂天桃園,3H17M,已結束,富邦悍將,威戈神,陳克羿,,#威戈神
273,2026-08-19,,,8,統一7-ELEVEn獅,台鋼雄鷹,6,8,台東,3H32M,已結束,台鋼雄鷹,王躍霖,邱浩鈞,黃群,劉時豪
274,2026-10-06,2026-08-19,延賽,10,富邦悍將,樂天桃猿,6,1,樂天桃園,2H48M,已結束,富邦悍將,王偉軒,鍾亦恩,,王偉軒
275,2026-08-19,,,8,中信兄弟,味全龍,6,2,大巨蛋,2H49M,已結束,中信兄弟,羅戈,曾仁和,,岳政華
276,2026-08-20,,,8,中信兄弟,味全龍,4,3,大巨蛋,2H56M,已結束,中信兄弟,德保拉,魔神龍,李振昌,德保拉
277,2026-10-01,2026-08-21,延賽,10,樂天桃猿,台鋼雄鷹,2,1,澄清湖,2H48M,已結束,樂天桃猿,艾菩樂,廖乙忠,陳冠宇,艾菩樂
278,2026-08-21,,,8,中信兄弟,統一7-ELEVEn獅,2,1,大巨蛋,2H57M,已結束,中信兄弟,呂彥青,鍾允華,李振昌,呂彥青
279,2026-10-02,2026-08-21,延賽,10,味全龍,富邦悍將,2,1,新莊,2H59M,已結束,味全龍,陳禹勳,曾峻岳,林子昱,梅賽鍶
280,2026-09-14,2026-08-22,延賽,9,樂天桃猿,台鋼雄鷹,2,1,澄清湖,3H13M,已結束,樂天桃猿,邱駿威,陳柏清,陳冠宇,邱駿威
281,2026-08-22,,,8,中信兄弟,統一7-ELEVEn獅,3,5,大巨蛋,3H17M,已結束,統一7-ELEVEn獅,喬登,勝騎士,鍾允華,喬登
282,2026-09-15,2026-08-22,延賽,9,味全龍,富邦悍將,3,0,新莊,2H55M,已結束,味全龍,黃暐傑,魔力藍,林凱威,張政禹
283,2026-10-02,2026-08-23,延賽,10,樂天桃猿,台鋼雄鷹,3,7,澄清湖,3H8M,已結束,台鋼雄鷹,陳正毅,曾家輝,,陳正毅
284,2026-08-23,,,8,中信兄弟,統一7-ELEVEn獅,11,1,大巨蛋,3H30M,已結束,中信兄弟,游竣宥,胡智爲,,游竣宥
285,2026-08-23,,,8,味全龍,富邦悍將,3,2,新莊,3H14M,已結束,味全龍,林凱威,曾峻岳,林子昱,郭天信
286,2026-08-25,,,8,樂天桃猿,中信兄弟,11,1,大巨蛋,2H56M,已結束,樂天桃猿,艾菩樂,羅戈,,威克
287,2026-09-22,2026-08-25,延賽,9,味全龍,統一7-ELEVEn獅,13,1,亞太主,3H30M,已結束,味全龍,鋼龍,江少慶,,張政禹
288,2026-08-26,,,8,樂天桃猿,中信兄弟,0,2,大巨蛋,2H34M,已結束,中信兄弟,呂彥青,呂詠臻,李振昌,伍立辰
289,2026-08-26,,,8,味全龍,統一7-ELEVEn獅,0,1,亞太主,3H1M,已結束,統一7-ELEVEn獅,林詔恩,伍鐸,鍾允華,林詔恩
290,2026-08-26,,,8,台鋼雄鷹,富邦悍將,4,5,新莊,3H5M,已結束,富邦悍將,張奕,許峻暘,曾峻岳,范國宸
291,2026-08-27,,,8,台鋼雄鷹,富邦悍將,2,0,新莊,2H58M,已結束,台鋼雄鷹,後勁,鈴木駿輔,黃群,#後勁
292,2026-08-28,,,8,富邦悍將,中信兄弟,4,5,洲際,3H35M,已結束,中信兄弟,呂彥青,張瑞麟,,林吳晉瑋
293,2026-08-28,,,8,統一7-ELEVEn獅,樂天桃猿,4,0,大巨蛋,2H26M,已結束,統一7-ELEVEn獅,布雷克,威能帝,,布雷克
294,2026-08-28,,,8,台鋼雄鷹,味全龍,7,4,天母,3H7M,已結束,台鋼雄鷹,艾速特,魔神龍,黃群,艾速特
295,2026-08-29,,,8,富邦悍將,中信兄弟,6,4,洲際,3H22M,已結束,富邦悍將,悍里歐,勝騎士,曾峻岳,王苡丞
296,2026-08-29,,,8,統一7-ELEVEn獅,樂天桃猿,4,8,大巨蛋,3H11M,已結束,樂天桃猿,林子崴,喬登,,梁家榮
297,2026-08-29,,,8,台鋼雄鷹,味全龍,2,1,天母,3H2M,已結束,台鋼雄鷹,黃子鵬,鋼龍,韋宏亮,黃子鵬
298,2026-08-30,,,8,台鋼雄鷹,味全龍,0,3,天母,2H56M,已結束,味全龍,蔣銲,江承諺,林凱威,蔣銲
299,2026-08-30,,,8,富邦悍將,中信兄弟,1,6,洲際,2H41M,已結束,中信兄弟,游竣宥,陳仕朋,,游竣宥
300,2026-08-30,,,8,統一7-ELEVEn獅,樂天桃猿,5,4,大巨蛋,3H12M,已結束,統一7-ELEVEn獅,郭俊麟,陳克羿,鍾允華,邱智呈
301,2026-09-01,,,9,統一7-ELEVEn獅,富邦悍將,1,2,大巨蛋,3H23M,已結束,富邦悍將,曾峻岳,鄭澔,,林澤彬
302,2026-09-30,2026-09-01,延賽,9,中信兄弟,台鋼雄鷹,7,1,澄清湖,3H0M,已結束,中信兄弟,勝騎士,威鳳山,,勝騎士
303,2026-09-02,,,9,統一7-ELEVEn獅,富邦悍將,6,1,大巨蛋,3H5M,已結束,統一7-ELEVEn獅,林詔恩,瑪帝斯,,林詔恩
304,2026-09-07,2026-09-02,延賽,9,中信兄弟,台鋼雄鷹,6,4,澄清湖,3H17M,已結束,中信兄弟,德保拉,李欣穎,呂彥青,岳東華
305,2026-09-02,,,9,味全龍,樂天桃猿,4,5,樂天桃園,3H38M,已結束,樂天桃猿,莊昕諺,陳禹勳,,李勛傑
306,2026-09-07,2026-09-03,延賽,9,味全龍,樂天桃猿,2,0,樂天桃園,2H23M,已結束,味全龍,梅賽鍶,邱駿威,林凱威,梅賽鍶
307,2026-09-04,,,9,樂天桃猿,富邦悍將,0,13,大巨蛋,3H1M,已結束,富邦悍將,江國豪,威能帝,,江國豪
308,2026-09-04,,,9,台鋼雄鷹,統一7-ELEVEn獅,0,11,亞太主,2H30M,已結束,統一7-ELEVEn獅,布雷克,艾速特,,布雷克
309,2026-09-04,,,9,味全龍,中信兄弟,6,5,洲際,3H36M,已結束,味全龍,呂偉晟,江忠城,林凱威,劉基鴻
310,2026-09-05,,,9,台鋼雄鷹,統一7-ELEVEn獅,0,3,亞太主,2H29M,已結束,統一7-ELEVEn獅,喬登,坎南,鍾允華,林培緯
311,2026-09-05,,,9,樂天桃猿,富邦悍將,4,0,大巨蛋,2H56M,已結束,樂天桃猿,陳克羿,悍里歐,,陳克羿
312,2026-09-05,,,9,味全龍,中信兄弟,0,8,洲際,2H56M,已結束,中信兄弟,勝騎士,鋼龍,,勝騎士
313,2026-09-06,,,9,樂天桃猿,富邦悍將,3,2,大巨蛋,3H23M,已結束,樂天桃猿,莊昕諺,曾峻岳,,林泓育
314,2026-09-06,,,9,台鋼雄鷹,統一7-ELEVEn獅,2,9,亞太主,3H36M,已結束,統一7-ELEVEn獅,獅帝芬,黃子鵬,,陳聖平
315,2026-09-06,,,9,味全龍,中信兄弟,4,3,洲際,3H1M,已結束,味全龍,陳冠偉,呂彥青,林凱威,李凱威
316,2026-09-08,,,9,富邦悍將,味全龍,4,1,大巨蛋,2H32M,已結束,富邦悍將,魔力藍,伍鐸,張奕,魔力藍
317,2026-09-08,,,9,台鋼雄鷹,樂天桃猿,2,3,樂天桃園,3H31M,已結束,樂天桃猿,王志煊,施子謙,,梁家榮
318,2026-09-09,,,9,富邦悍將,味全龍,4,2,大巨蛋,3H2M,已結束,富邦悍將,瑪帝斯,曹祐齊,張奕,瑪帝斯
319,2026-09-09,,,9,台鋼雄鷹,樂天桃猿,0,4,樂天桃園,2H12M,已結束,樂天桃猿,威能帝,艾速特,,威能帝
320,2026-09-09,,,9,統一7-ELEVEn獅,中信兄弟,3,5,洲際,3H4M,已結束,中信兄弟,蔡齊哲,林詔恩,呂彥青,曾頌恩
321,2026-09-10,,,9,統一7-ELEVEn獅,中信兄弟,6,0,洲際,2H31M,已結束,統一7-ELEVEn獅,布雷克,游竣宥,,布雷克
322,2026-09-11,,,9,統一7-ELEVEn獅,味全龍,3,2,天母,3H4M,已結束,統一7-ELEVEn獅,邱浩鈞,魔神龍,鍾允華,江少慶
323,2026-09-11,,,9,中信兄弟,樂天桃猿,3,5,樂天桃園,2H59M,已結束,樂天桃猿,舒治浩,江忠城,陳冠宇,威克
324,2026-09-11,,,9,富邦悍將,台鋼雄鷹,1,4,嘉義市,2H40M,已結束,台鋼雄鷹,坎南,江國豪,張誠恩,坎南
325,2026-09-12,,,9,富邦悍將,台鋼雄鷹,3,8,澄清湖,3H5M,已結束,台鋼雄鷹,威鳳山,悍里歐,,湯家豪
326,2026-10-01,2026-09-12,保留,10,統一7-ELEVEn獅,味全龍,4,3,天母,3H18M,已結束,統一7-ELEVEn獅,吳承諭,陳冠偉,鍾允華,邱智呈
327,2026-09-12,,,9,中信兄弟,樂天桃猿,6,0,樂天桃園,2H43M,已結束,中信兄弟,鄭浩均,陳克羿,,鄭浩均
328,2026-09-13,,,9,富邦悍將,台鋼雄鷹,3,9,澄清湖,3H8M,已結束,台鋼雄鷹,黃子鵬,李東洺,,黃子鵬
329,2026-09-13,,,9,統一7-ELEVEn獅,味全龍,12,1,天母,2H34M,已結束,統一7-ELEVEn獅,喬登,梅賽鍶,,喬登
330,2026-09-13,,,9,中信兄弟,樂天桃猿,9,3,樂天桃園,3H2M,已結束,中信兄弟,德保拉,林子崴,,高宇杰
331,2026-09-15,,,9,中信兄弟,台鋼雄鷹,5,1,澄清湖,2H47M,已結束,中信兄弟,羅戈,艾速特,,羅戈
332,2026-09-15,,,9,樂天桃猿,統一7-ELEVEn獅,5,2,嘉義市,3H30M,已結束,樂天桃猿,曾家輝,郭俊麟,陳冠宇,曾家輝
333,2026-09-16,,,9,富邦悍將,味全龍,6,0,天母,3H10M,已結束,富邦悍將,瑪帝斯,伍鐸,,林岱安
334,2026-09-17,,,9,統一7-ELEVEn獅,中信兄弟,2,4,大巨蛋,2H58M,已結束,中信兄弟,伍立辰,王鏡銘,呂彥青,伍立辰
335,2026-09-17,,,9,樂天桃猿,富邦悍將,0,1,新莊,2H44M,已結束,富邦悍將,江國豪,威能帝,張奕,江國豪
336,2026-09-17,,,9,台鋼雄鷹,味全龍,6,1,天母,2H51M,已結束,台鋼雄鷹,威鳳山,魔神龍,,威鳳山
337,2026-09-18,,,9,統一7-ELEVEn獅,中信兄弟,4,5,大巨蛋,3H6M,已結束,中信兄弟,呂彥青,邱浩鈞,,張士綸
338,2026-09-18,,,9,樂天桃猿,富邦悍將,1,2,新莊,2H43M,已結束,富邦悍將,張奕,艾菩樂,,范國宸
339,2026-09-18,,,9,台鋼雄鷹,味全龍,2,3,天母,2H42M,已結束,味全龍,蔣銲,陳柏清,林凱威,曾聖安
340,2026-09-19,,,9,富邦悍將,統一7-ELEVEn獅,3,4,亞太主,2H47M,已結束,統一7-ELEVEn獅,布雷克,鈴木駿輔,鍾允華,陳聖平
341,2026-09-19,,,9,味全龍,中信兄弟,3,4,大巨蛋,2H40M,已結束,中信兄弟,呂彥青,林凱威,,岳東華
342,2026-09-19,,,9,台鋼雄鷹,樂天桃猿,11,5,樂天桃園,4H9M,已結束,台鋼雄鷹,陳宇宏,陳克羿,,李欣穎
343,2026-09-20,,,9,味全龍,中信兄弟,1,2,大巨蛋,3H7M,已結束,中信兄弟,余謙,陳冠偉,,曾頌恩
344,2026-09-20,,,9,富邦悍將,統一7-ELEVEn獅,4,3,亞太主,3H24M,已結束,富邦悍將,曾峻岳,辛俊昇,張奕,范國宸
345,2026-09-20,,,9,台鋼雄鷹,樂天桃猿,1,10,樂天桃園,2H34M,已結束,樂天桃猿,林子崴,艾速特,,余德龍
346,2026-09-24,,,9,富邦悍將,台鋼雄鷹,8,0,大巨蛋,2H57M,已結束,富邦悍將,魔力藍,威鳳山,,魔力藍
347,2026-09-24,,,9,中信兄弟,樂天桃猿,5,6,樂天桃園,2H50M,已結束,樂天桃猿,蘇俊璋,余謙,陳冠宇,林泓育
348,2026-09-24,,,9,味全龍,統一7-ELEVEn獅,2,4,亞太主,2H32M,已結束,統一7-ELEVEn獅,周彥農,呂偉晟,鍾允華,周彥農
349,2026-09-25,,,9,富邦悍將,台鋼雄鷹,1,2,大巨蛋,3H28M,已結束,台鋼雄鷹,黃群,廖任磊,,陳文杰
350,2026-09-25,,,9,中信兄弟,樂天桃猿,0,6,樂天桃園,2H31M,已結束,樂天桃猿,艾菩樂,鄭浩均,,艾菩樂
351,2026-09-25,,,9,味全龍,統一7-ELEVEn獅,2,3,亞太主,3H9M,已結束,統一7-ELEVEn獅,吳承諭,林凱威,,林泓弦
352,2026-09-26,,,9,統一7-ELEVEn獅,台鋼雄鷹,3,2,大巨蛋,2H31M,已結束,統一7-ELEVEn獅,布雷克,艾速特,鍾允華,陳重羽
353,2026-09-26,,,9,樂天桃猿,味全龍,5,3,天母,3H6M,已結束,樂天桃猿,曾家輝,梅賽鍶,陳冠宇,曾家輝
354,2026-09-26,,,9,中信兄弟,富邦悍將,7,3,新莊,3H36M,已結束,中信兄弟,蔡齊哲,賴鴻誠,,陳俊秀
355,2026-09-27,,,9,統一7-ELEVEn獅,台鋼雄鷹,2,4,大巨蛋,2H50M,已結束,台鋼雄鷹,坎南,喬登,黃群,坎南
356,2026-09-27,,,9,樂天桃猿,味全龍,4,2,天母,3H11M,已結束,樂天桃猿,林子崴,黃暐傑,陳冠宇,舒治浩
357,2026-09-27,,,9,中信兄弟,富邦悍將,1,2,新莊,3H2M,已結束,富邦悍將,曾峻岳,江忠城,鄭凱文,申皓瑋
358,2026-09-28,,,9,台鋼雄鷹,中信兄弟,10,19,洲際,3H55M,已結束,中信兄弟,羅戈,黃子豪,,曾頌恩
359,2026-09-28,,,9,統一7-ELEVEn獅,樂天桃猿,7,4,樂天桃園,4H1M,已結束,統一7-ELEVEn獅,髙塩將樹,舒治浩,,陳聖平
360,2026-09-28,,,9,味全龍,富邦悍將,4,2,新莊,3H36M,已結束,味全龍,林柏佑,廖任磊,林凱威,王順和
